chronology,chron_code,study,file,column_name,type,sample_depth,detrend_method,ar1_handling,Sea,Location_name,Species,earliest_year,latest_year,depth_range,Southernmost_lat,Northernmost_lat,Westernmost_lon,Easternmost_lon,similarity_best_range,Citation,Publication,Sarah_name
NS_HH_RCSman,NS_HH,NS_Holland,Holland_2014_NS.txt,RCS_manual,growth,n_RCS_manual,RCS,unknown,North Sea,multiregional,Arctica islandica,1040,2010,21-154,53.9211,60.3676,-0.0306,8.5,1950-2010,Holland et al. (2014),"Holland, H. A., Schöne, B. R., Lipowsky, C., & Esper, J. (2014). Decadal climate variability of the North Sea during the last millennium reconstructed from bivalve shells ( Arctica islandica ). The Holocene, 24(7), 771–786. https://doi.org/10.1177/0959683614530438 ",
NS_HH_RCSars,NS_HH,NS_Holland,Holland_2014_NS.txt,RCS_ARSTAN,growth,n_RCS_ARSTAN,RCS,ars,North Sea,multiregional,Arctica islandica,1040,2010,21-154,53.9211,60.3676,-0.0306,8.5,1950-2010,Holland et al. (2014),"Holland, H. A., Schöne, B. R., Lipowsky, C., & Esper, J. (2014). Decadal climate variability of the North Sea during the last millennium reconstructed from bivalve shells ( Arctica islandica ). The Holocene, 24(7), 771–786. https://doi.org/10.1177/0959683614530438 ",
NS_HH_RCSmanSc,NS_HH_Sc,NS_Holland,Holland_2014_NS.txt,RCS_manual_Scourse,growth,n_RCS_manual_Scourse,RCS,unknown,North Sea,multiregional,Arctica islandica,1040,2010,21-154,53.9211,60.3676,-0.3558,8.5,1950-2010,Holland et al. (2014),"Holland, H. A., Schöne, B. R., Lipowsky, C., & Esper, J. (2014). Decadal climate variability of the North Sea during the last millennium reconstructed from bivalve shells ( Arctica islandica ). The Holocene, 24(7), 771–786. https://doi.org/10.1177/0959683614530438 ",
NS_HH_RCScomp,NS_HH_comp,NS_Holland,Holland_2014_NS.txt,RCS_composite,growth,n_RCS_composite,RCS,unknown,North Sea,multiregional,Arctica islandica,1040,2010,21-154,53.9211,60.3676,-0.0306,8.5,1950-2010,Holland et al. (2014),"Holland, H. A., Schöne, B. R., Lipowsky, C., & Esper, J. (2014). Decadal climate variability of the North Sea during the last millennium reconstructed from bivalve shells ( Arctica islandica ). The Holocene, 24(7), 771–786. https://doi.org/10.1177/0959683614530438 ",
NS_HH_NEars,NS_HH,NS_Holland,Holland_2014_NS.txt,NE_ARSTAN,growth,n_NE_ARSTAN,NE,ars,North Sea,multiregional,Arctica islandica,1040,2010,21-154,53.9211,60.3676,-0.0306,8.5,1950-2010,Holland et al. (2014),"Holland, H. A., Schöne, B. R., Lipowsky, C., & Esper, J. (2014). Decadal climate variability of the North Sea during the last millennium reconstructed from bivalve shells ( Arctica islandica ). The Holocene, 24(7), 771–786. https://doi.org/10.1177/0959683614530438 ",
NS_HH_NEarsSC,NS_HH_Sc,NS_Holland,Holland_2014_NS.txt,NE_ARSTAN_Scourse,growth,n_NE_ARSTAN_Scourse,NE,ars,North Sea,multiregional,Arctica islandica,1040,2010,21-154,53.9211,60.3676,-0.3558,8.5,1950-2010,Holland et al. (2014),"Holland, H. A., Schöne, B. R., Lipowsky, C., & Esper, J. (2014). Decadal climate variability of the North Sea during the last millennium reconstructed from bivalve shells ( Arctica islandica ). The Holocene, 24(7), 771–786. https://doi.org/10.1177/0959683614530438 ",
Norw_HH_RCS,Norw_HH,NS_Holland,Holland_2014_NS.txt,RCS_NORS,growth,n_RCS_NORS,RCS,unknown,Norwegian Sea,Norwegian Sea,Arctica islandica,1098,2002,86-154,58.6125,60.3676,2.3048,2.6571,-,Holland et al. (2014),"Holland, H. A., Schöne, B. R., Lipowsky, C., & Esper, J. (2014). Decadal climate variability of the North Sea during the last millennium reconstructed from bivalve shells ( Arctica islandica ). The Holocene, 24(7), 771–786. https://doi.org/10.1177/0959683614530438 ",
DB_HH_RCS,DB_HH,NS_Holland,Holland_2014_NS.txt,RCS_Dogger,growth,n_RCS_Dogger,RCS,unknown,North Sea,Doggerbank,Arctica islandica,1040,2010,21-79,54.165,55.5701,-0.0306,3.9875,-,Holland et al. (2014),"Holland, H. A., Schöne, B. R., Lipowsky, C., & Esper, J. (2014). Decadal climate variability of the North Sea during the last millennium reconstructed from bivalve shells ( Arctica islandica ). The Holocene, 24(7), 771–786. https://doi.org/10.1177/0959683614530438 ",DB_HH
ENS_HH_RCS,ENS_HH,NS_Holland,Holland_2014_NS.txt,RCS_ENS,growth,n_RCS_ENS,RCS,unknown,North Sea,Eastern North Sea,Arctica islandica,1641,2003,23-60,53.9211,55.751,5.4966,8.5,-,Holland et al. (2014),"Holland, H. A., Schöne, B. R., Lipowsky, C., & Esper, J. (2014). Decadal climate variability of the North Sea during the last millennium reconstructed from bivalve shells ( Arctica islandica ). The Holocene, 24(7), 771–786. https://doi.org/10.1177/0959683614530438 ",SE_HH
NIS_PB_NEars,NIS_PB,NIS_Butler,butler2013-chron.txt,NE.ars,growth,,NE,ars,Iceland,North Icelandic Shelf,Arctica islandica,649,2005,81-83,66.5265,66.5265,-18.19567,-18.19567,1175-2005,Butler et al. (2013),"Butler, P. G., Wanamaker, A. D., Scourse, J. D., Richardson, C. A., & Reynolds, D. J. (2013). Variability of marine climate on the North Icelandic Shelf in a 1357-year proxy archive based on growth increments in the bivalve Arctica islandica. Palaeogeography, Palaeoclimatology, Palaeoecology, 373, 141–151. https://doi.org/10.1016/j.palaeo.2012.01.016 ",
NIS_PB_RCSars,NIS_PB,NIS_Butler,butler2013-chron.txt,RCS.ars,growth,,RCS,ars,Iceland,North Icelandic Shelf,Arctica islandica,649,2005,81-83,66.5265,66.5265,-18.19567,-18.19567,1175-2005,Butler et al. (2013),"Butler, P. G., Wanamaker, A. D., Scourse, J. D., Richardson, C. A., & Reynolds, D. J. (2013). Variability of marine climate on the North Icelandic Shelf in a 1357-year proxy archive based on growth increments in the bivalve Arctica islandica. Palaeogeography, Palaeoclimatology, Palaeoecology, 373, 141–151. https://doi.org/10.1016/j.palaeo.2012.01.016 ",
IS_PB_NEstd,IS_PB,IS_Butler,butler2009-chron.txt,NE.std,growth,,NE,std,Irish Sea,Isle of Man,Arctica islandica,1516,2004,30-60,53.96667,54.31667,-4.91667,-4.68333,1540-2004,Butler et al. (2010),"Butler, P. G., Richardson, C. A., Scourse, J. D., Wanamaker, A. D., Shammon, T. M., & Bennell, J. D. (2010). Marine climate in the Irish Sea: Analysis of a 489-year marine master chronology derived from growth increments in the shell of the clam Arctica islandica. Quaternary Science Reviews, 29(13–14), 1614–1632. https://doi.org/10.1016/j.quascirev.2009.07.010 ",
IS_PB_NEres,IS_PB,IS_Butler,butler2009-chron.txt,NE.res,growth,,NE,res,Irish Sea,Isle of Man,Arctica islandica,1516,2004,30-60,53.96667,54.31667,-4.91667,-4.68333,1540-2004,Butler et al. (2010),"Butler, P. G., Richardson, C. A., Scourse, J. D., Wanamaker, A. D., Shammon, T. M., & Bennell, J. D. (2010). Marine climate in the Irish Sea: Analysis of a 489-year marine master chronology derived from growth increments in the shell of the clam Arctica islandica. Quaternary Science Reviews, 29(13–14), 1614–1632. https://doi.org/10.1016/j.quascirev.2009.07.010 ",
IS_PB_NEars,IS_PB,IS_Butler,butler2009-chron.txt,NE.ars,growth,,NE,ars,Irish Sea,Isle of Man,Arctica islandica,1516,2004,30-60,53.96667,54.31667,-4.91667,-4.68333,1540-2004,Butler et al. (2010),"Butler, P. G., Richardson, C. A., Scourse, J. D., Wanamaker, A. D., Shammon, T. M., & Bennell, J. D. (2010). Marine climate in the Irish Sea: Analysis of a 489-year marine master chronology derived from growth increments in the shell of the clam Arctica islandica. Quaternary Science Reviews, 29(13–14), 1614–1632. https://doi.org/10.1016/j.quascirev.2009.07.010 ",IM_PB
IS_PB_RCSstd,IS_PB,IS_Butler,butler2009-chron.txt,RCS.std,growth,,RCS,std,Irish Sea,Isle of Man,Arctica islandica,1516,2004,30-60,53.96667,54.31667,-4.91667,-4.68333,1540-2004,Butler et al. (2010),"Butler, P. G., Richardson, C. A., Scourse, J. D., Wanamaker, A. D., Shammon, T. M., & Bennell, J. D. (2010). Marine climate in the Irish Sea: Analysis of a 489-year marine master chronology derived from growth increments in the shell of the clam Arctica islandica. Quaternary Science Reviews, 29(13–14), 1614–1632. https://doi.org/10.1016/j.quascirev.2009.07.010 ",
IS_PB_RCSres,IS_PB,IS_Butler,butler2009-chron.txt,RCS.res,growth,,RCS,res,Irish Sea,Isle of Man,Arctica islandica,1516,2004,30-60,53.96667,54.31667,-4.91667,-4.68333,1540-2004,Butler et al. (2010),"Butler, P. G., Richardson, C. A., Scourse, J. D., Wanamaker, A. D., Shammon, T. M., & Bennell, J. D. (2010). Marine climate in the Irish Sea: Analysis of a 489-year marine master chronology derived from growth increments in the shell of the clam Arctica islandica. Quaternary Science Reviews, 29(13–14), 1614–1632. https://doi.org/10.1016/j.quascirev.2009.07.010 ",
IS_PB_RCSars,IS_PB,IS_Butler,butler2009-chron.txt,RCS.ars,growth,,RCS,ars,Irish Sea,Isle of Man,Arctica islandica,1516,2004,30-60,53.96667,54.31667,-4.91667,-4.68333,1540-2004,Butler et al. (2010),"Butler, P. G., Richardson, C. A., Scourse, J. D., Wanamaker, A. D., Shammon, T. M., & Bennell, J. D. (2010). Marine climate in the Irish Sea: Analysis of a 489-year marine master chronology derived from growth increments in the shell of the clam Arctica islandica. Quaternary Science Reviews, 29(13–14), 1614–1632. https://doi.org/10.1016/j.quascirev.2009.07.010 ",
IS_PB_SP30std,IS_PB,IS_Butler,butler2009-chron.txt,SP30.std,growth,,SP30,std,Irish Sea,Isle of Man,Arctica islandica,1516,2004,30-60,53.96667,54.31667,-4.91667,-4.68333,1540-2004,Butler et al. (2010),"Butler, P. G., Richardson, C. A., Scourse, J. D., Wanamaker, A. D., Shammon, T. M., & Bennell, J. D. (2010). Marine climate in the Irish Sea: Analysis of a 489-year marine master chronology derived from growth increments in the shell of the clam Arctica islandica. Quaternary Science Reviews, 29(13–14), 1614–1632. https://doi.org/10.1016/j.quascirev.2009.07.010 ",
IS_PB_SP30res,IS_PB,IS_Butler,butler2009-chron.txt,SP30.res,growth,,SP30,res,Irish Sea,Isle of Man,Arctica islandica,1516,2004,30-60,53.96667,54.31667,-4.91667,-4.68333,1540-2004,Butler et al. (2010),"Butler, P. G., Richardson, C. A., Scourse, J. D., Wanamaker, A. D., Shammon, T. M., & Bennell, J. D. (2010). Marine climate in the Irish Sea: Analysis of a 489-year marine master chronology derived from growth increments in the shell of the clam Arctica islandica. Quaternary Science Reviews, 29(13–14), 1614–1632. https://doi.org/10.1016/j.quascirev.2009.07.010 ",
IS_PB_SP30ars,IS_PB,IS_Butler,butler2009-chron.txt,SP30.ars,growth,,SP30,ars,Irish Sea,Isle of Man,Arctica islandica,1516,2004,30-60,53.96667,54.31667,-4.91667,-4.68333,1540-2004,Butler et al. (2010),"Butler, P. G., Richardson, C. A., Scourse, J. D., Wanamaker, A. D., Shammon, T. M., & Bennell, J. D. (2010). Marine climate in the Irish Sea: Analysis of a 489-year marine master chronology derived from growth increments in the shell of the clam Arctica islandica. Quaternary Science Reviews, 29(13–14), 1614–1632. https://doi.org/10.1016/j.quascirev.2009.07.010 ",
IS_PB_SP88std,IS_PB,IS_Butler,butler2009-chron.txt,SP88.std,growth,,SP88,std,Irish Sea,Isle of Man,Arctica islandica,1516,2004,30-60,53.96667,54.31667,-4.91667,-4.68333,1540-2004,Butler et al. (2010),"Butler, P. G., Richardson, C. A., Scourse, J. D., Wanamaker, A. D., Shammon, T. M., & Bennell, J. D. (2010). Marine climate in the Irish Sea: Analysis of a 489-year marine master chronology derived from growth increments in the shell of the clam Arctica islandica. Quaternary Science Reviews, 29(13–14), 1614–1632. https://doi.org/10.1016/j.quascirev.2009.07.010 ",
IS_PB_SP88res,IS_PB,IS_Butler,butler2009-chron.txt,SP88.res,growth,,SP88,res,Irish Sea,Isle of Man,Arctica islandica,1516,2004,30-60,53.96667,54.31667,-4.91667,-4.68333,1540-2004,Butler et al. (2010),"Butler, P. G., Richardson, C. A., Scourse, J. D., Wanamaker, A. D., Shammon, T. M., & Bennell, J. D. (2010). Marine climate in the Irish Sea: Analysis of a 489-year marine master chronology derived from growth increments in the shell of the clam Arctica islandica. Quaternary Science Reviews, 29(13–14), 1614–1632. https://doi.org/10.1016/j.quascirev.2009.07.010 ",
IS_PB_SP88ars,IS_PB,IS_Butler,butler2009-chron.txt,SP88.ars,growth,,SP88,ars,Irish Sea,Isle of Man,Arctica islandica,1516,2004,30-60,53.96667,54.31667,-4.91667,-4.68333,1540-2004,Butler et al. (2010),"Butler, P. G., Richardson, C. A., Scourse, J. D., Wanamaker, A. D., Shammon, T. M., & Bennell, J. D. (2010). Marine climate in the Irish Sea: Analysis of a 489-year marine master chronology derived from growth increments in the shell of the clam Arctica islandica. Quaternary Science Reviews, 29(13–14), 1614–1632. https://doi.org/10.1016/j.quascirev.2009.07.010 ",
TP_DR_NEars,TP_DR,TP_Reynolds,reynolds2017-tiree-sgi.txt,SGI,growth,,NE,ars,Hebridean Sea,Tiree Passage,Glycymeris glycymeris,1805,2010,25-55,56.629167,56.629167,-6.4,-6.4,1860-2010,Reynolds et al. (2013),"Reynolds, D. J., Butler, P. G., Williams, S. M., Scourse, J. D., Richardson, C. A., Wanamaker, A. D., Austin, W. E. N., Cage, A. G., & Sayer, M. D. J. (2013). A multiproxy reconstruction of Hebridean (NW Scotland) spring sea surface temperatures between AD 1805 and 2010. Palaeogeography, Palaeoclimatology, Palaeoecology, 386, 275–285. https://doi.org/10.1016/j.palaeo.2013.05.029",TP_DR
CNS_BS_LGFraw,CNS_BS,CNS_Schone,Schone_2003_chron.csv,CNS_SGI_raw,growth,,LGF-pol,unknown,North Sea,Central North Sea,Arctica islandica,1866,2001,30-60,54.95238,54.95238,4.921875,4.921875,1866-1995,Schöne et al. (2003),"Schöne, B. R., Oschmann, W., Rössler, J., Castro, A. D. F., Houk, S. D., Kröncke, I., Dreyer, W., Janssen, R., Rumohr, H., & Dunca, E. (2003). North Atlantic Oscillation dynamics recorded in shells of a long-lived bivalve mollusk. Geology, 31(12), 1037–1040. https://doi.org/10.1130/G20013.1 ",CNS_BS
CNS_BS_LGFprew,CNS_BS,CNS_Schone,Schone_2003_chron.csv,CNS_SGI-AR1,growth,,LGF-pol,prewhitening,North Sea,Central North Sea,Arctica islandica,1866,2001,30-60,54.95238,54.95238,4.921875,4.921875,1866-1995,Schöne et al. (2003),"Schöne, B. R., Oschmann, W., Rössler, J., Castro, A. D. F., Houk, S. D., Kröncke, I., Dreyer, W., Janssen, R., Rumohr, H., & Dunca, E. (2003). North Atlantic Oscillation dynamics recorded in shells of a long-lived bivalve mollusk. Geology, 31(12), 1037–1040. https://doi.org/10.1130/G20013.1 ",
CNS_BS_LGFmod,CNS_BS,CNS_Schone,Schone_2003_chron.csv,CNS_SGI_model,growth,,LGF-pol,unknown,North Sea,Central North Sea,Arctica islandica,1866,2001,30-60,54.95238,54.95238,4.921875,4.921875,1866-1995,Schöne et al. (2003),"Schöne, B. R., Oschmann, W., Rössler, J., Castro, A. D. F., Houk, S. D., Kröncke, I., Dreyer, W., Janssen, R., Rumohr, H., & Dunca, E. (2003). North Atlantic Oscillation dynamics recorded in shells of a long-lived bivalve mollusk. Geology, 31(12), 1037–1040. https://doi.org/10.1130/G20013.1 ",
CNS_BS_LGF-LPprew,CNS_BS,CNS_Schone,Schone_2003_chron.csv,CNS_SGI_AR1_lp-filtered,growth,,LGF-pol-lp-fil,prewhitening,North Sea,Central North Sea,Arctica islandica,1866,2001,30-60,54.95238,54.95238,4.921875,4.921875,1866-1995,Schöne et al. (2003),"Schöne, B. R., Oschmann, W., Rössler, J., Castro, A. D. F., Houk, S. D., Kröncke, I., Dreyer, W., Janssen, R., Rumohr, H., & Dunca, E. (2003). North Atlantic Oscillation dynamics recorded in shells of a long-lived bivalve mollusk. Geology, 31(12), 1037–1040. https://doi.org/10.1130/G20013.1 ",
CNS_BS_LGF-LPmod,CNS_BS,CNS_Schone,Schone_2003_chron.csv,CNS_SGI_model_lp,growth,,NE-lp-fil,unknown,North Sea,Central North Sea,Arctica islandica,1866,2001,30-60,54.95238,54.95238,4.921875,4.921875,1866-1995,Schöne et al. (2003),"Schöne, B. R., Oschmann, W., Rössler, J., Castro, A. D. F., Houk, S. D., Kröncke, I., Dreyer, W., Janssen, R., Rumohr, H., & Dunca, E. (2003). North Atlantic Oscillation dynamics recorded in shells of a long-lived bivalve mollusk. Geology, 31(12), 1037–1040. https://doi.org/10.1130/G20013.1 ",
Norw_BS_LGFraw,Norw_BS,NorS_Schone,Schone_2003_chron.csv,Norw_SGI_raw,growth,,LGF-pol,unknown,Norwegian Sea,Norwegian Sea,Arctica islandica,1757,1861,30-60,67.10165,67.10165,12.919921,12.919921,1757-1861,Schöne et al. (2003),"Schöne, B. R., Oschmann, W., Rössler, J., Castro, A. D. F., Houk, S. D., Kröncke, I., Dreyer, W., Janssen, R., Rumohr, H., & Dunca, E. (2003). North Atlantic Oscillation dynamics recorded in shells of a long-lived bivalve mollusk. Geology, 31(12), 1037–1040. https://doi.org/10.1130/G20013.1 ",
Norw_BS_LGFprew,Norw_BS,NorS_Schone,Schone_2003_chron.csv,Norw_SGI-AR1,growth,,LGF-pol,prewhitening,Norwegian Sea,Norwegian Sea,Arctica islandica,1757,1861,30-60,67.10165,67.10165,12.919921,12.919921,1757-1861,Schöne et al. (2003),"Schöne, B. R., Oschmann, W., Rössler, J., Castro, A. D. F., Houk, S. D., Kröncke, I., Dreyer, W., Janssen, R., Rumohr, H., & Dunca, E. (2003). North Atlantic Oscillation dynamics recorded in shells of a long-lived bivalve mollusk. Geology, 31(12), 1037–1040. https://doi.org/10.1130/G20013.1 ",
Norw_BS_LGFmod,Norw_BS,NorS_Schone,Schone_2003_chron.csv,Norw_SGI_model,growth,,LGF-pol,unknown,Norwegian Sea,Norwegian Sea,Arctica islandica,1757,1861,30-60,67.10165,67.10165,12.919921,12.919921,1757-1861,Schöne et al. (2003),"Schöne, B. R., Oschmann, W., Rössler, J., Castro, A. D. F., Houk, S. D., Kröncke, I., Dreyer, W., Janssen, R., Rumohr, H., & Dunca, E. (2003). North Atlantic Oscillation dynamics recorded in shells of a long-lived bivalve mollusk. Geology, 31(12), 1037–1040. https://doi.org/10.1130/G20013.1 ",
Norw_BS_LGF-Lpprew,Norw_BS,NorS_Schone,Schone_2003_chron.csv,Norw_SGI_AR1_lp-filtered,growth,,LGF-pol-lp-fil,prewhitening,Norwegian Sea,Norwegian Sea,Arctica islandica,1757,1861,30-60,67.10165,67.10165,12.919921,12.919921,1757-1861,Schöne et al. (2003),"Schöne, B. R., Oschmann, W., Rössler, J., Castro, A. D. F., Houk, S. D., Kröncke, I., Dreyer, W., Janssen, R., Rumohr, H., & Dunca, E. (2003). North Atlantic Oscillation dynamics recorded in shells of a long-lived bivalve mollusk. Geology, 31(12), 1037–1040. https://doi.org/10.1130/G20013.1 ",
Norw_BS_LGF-LPmod,Norw_BS,NorS_Schone,Schone_2003_chron.csv,Norw_SGI_model_lp,growth,,LGF-pol-lp-fil,unknown,Norwegian Sea,Norwegian Sea,Arctica islandica,1757,1861,30-60,67.10165,67.10165,12.919921,12.919921,1757-1861,Schöne et al. (2003),"Schöne, B. R., Oschmann, W., Rössler, J., Castro, A. D. F., Houk, S. D., Kröncke, I., Dreyer, W., Janssen, R., Rumohr, H., & Dunca, E. (2003). North Atlantic Oscillation dynamics recorded in shells of a long-lived bivalve mollusk. Geology, 31(12), 1037–1040. https://doi.org/10.1130/G20013.1 ",
FG_PB_A_LCstd,FG_PB_A,FG_Butler_5,Butler_2009_FG_5chron.csv,A_LC_std,growth,,LC,std,North Sea,Fladen Ground,Arctica islandica,1870,1979,115,58.83,58.83,-0.3416,-0.3416,1910-1979,Butler et al. (2009),"Butler, P. G., Richardson, C. A., Scourse, J. D., Witbaard, R., Schöne, B. R., Fraser, N. M., Wanamaker, A. D., Bryant, C. L., Harris, I., & Robertson, I. (2009). Accurate increment identification and the spatial extent of the common signal in five Arctica islandica chronologies from the Fladen Ground, northern North Sea: NORTH SEA ARCTICA ISLANDICA CHRONOLOGIES. Paleoceanography, 24(2), n/a-n/a. https://doi.org/10.1029/2008PA001715 ",
FG_PB_A_LCres,FG_PB_A,FG_Butler_5,Butler_2009_FG_5chron.csv,A_LC_res,growth,,LC,res,North Sea,Fladen Ground,Arctica islandica,1870,1979,115,58.83,58.83,-0.3416,-0.3416,1910-1979,Butler et al. (2009),"Butler, P. G., Richardson, C. A., Scourse, J. D., Witbaard, R., Schöne, B. R., Fraser, N. M., Wanamaker, A. D., Bryant, C. L., Harris, I., & Robertson, I. (2009). Accurate increment identification and the spatial extent of the common signal in five Arctica islandica chronologies from the Fladen Ground, northern North Sea: NORTH SEA ARCTICA ISLANDICA CHRONOLOGIES. Paleoceanography, 24(2), n/a-n/a. https://doi.org/10.1029/2008PA001715 ",
FG_PB_A_LCars,FG_PB_A,FG_Butler_5,Butler_2009_FG_5chron.csv,A_LC_ars,growth,,LC,ars,North Sea,Fladen Ground,Arctica islandica,1870,1979,115,58.83,58.83,-0.3416,-0.3416,1910-1979,Butler et al. (2009),"Butler, P. G., Richardson, C. A., Scourse, J. D., Witbaard, R., Schöne, B. R., Fraser, N. M., Wanamaker, A. D., Bryant, C. L., Harris, I., & Robertson, I. (2009). Accurate increment identification and the spatial extent of the common signal in five Arctica islandica chronologies from the Fladen Ground, northern North Sea: NORTH SEA ARCTICA ISLANDICA CHRONOLOGIES. Paleoceanography, 24(2), n/a-n/a. https://doi.org/10.1029/2008PA001715 ",
FG_PB_B_LCstd,FG_PB_B,FG_Butler_5,Butler_2009_FG_5chron.csv,B_LC_std,growth,,LC,std,North Sea,Fladen Ground,Arctica islandica,1870,1979,125,59.123,59.123,0.165,0.165,1870-1979,Butler et al. (2009),"Butler, P. G., Richardson, C. A., Scourse, J. D., Witbaard, R., Schöne, B. R., Fraser, N. M., Wanamaker, A. D., Bryant, C. L., Harris, I., & Robertson, I. (2009). Accurate increment identification and the spatial extent of the common signal in five Arctica islandica chronologies from the Fladen Ground, northern North Sea: NORTH SEA ARCTICA ISLANDICA CHRONOLOGIES. Paleoceanography, 24(2), n/a-n/a. https://doi.org/10.1029/2008PA001715 ",
FG_PB_B_LCres,FG_PB_B,FG_Butler_5,Butler_2009_FG_5chron.csv,B_LC_res,growth,,LC,res,North Sea,Fladen Ground,Arctica islandica,1870,1979,125,59.123,59.123,0.165,0.165,1870-1979,Butler et al. (2009),"Butler, P. G., Richardson, C. A., Scourse, J. D., Witbaard, R., Schöne, B. R., Fraser, N. M., Wanamaker, A. D., Bryant, C. L., Harris, I., & Robertson, I. (2009). Accurate increment identification and the spatial extent of the common signal in five Arctica islandica chronologies from the Fladen Ground, northern North Sea: NORTH SEA ARCTICA ISLANDICA CHRONOLOGIES. Paleoceanography, 24(2), n/a-n/a. https://doi.org/10.1029/2008PA001715 ",
FG_PB_B_LCars,FG_PB_B,FG_Butler_5,Butler_2009_FG_5chron.csv,B_LC_ars,growth,,LC,ars,North Sea,Fladen Ground,Arctica islandica,1870,1979,125,59.123,59.123,0.165,0.165,1870-1979,Butler et al. (2009),"Butler, P. G., Richardson, C. A., Scourse, J. D., Witbaard, R., Schöne, B. R., Fraser, N. M., Wanamaker, A. D., Bryant, C. L., Harris, I., & Robertson, I. (2009). Accurate increment identification and the spatial extent of the common signal in five Arctica islandica chronologies from the Fladen Ground, northern North Sea: NORTH SEA ARCTICA ISLANDICA CHRONOLOGIES. Paleoceanography, 24(2), n/a-n/a. https://doi.org/10.1029/2008PA001715 ",
FG_PB_C_LCstd,FG_PB_C,FG_Butler_5,Butler_2009_FG_5chron.csv,C_LC_std,growth,,LC,std,North Sea,Fladen Ground,Arctica islandica,1870,1979,150,58.7866,58.7866,0.3416,0.3416,1870-1979,Butler et al. (2009),"Butler, P. G., Richardson, C. A., Scourse, J. D., Witbaard, R., Schöne, B. R., Fraser, N. M., Wanamaker, A. D., Bryant, C. L., Harris, I., & Robertson, I. (2009). Accurate increment identification and the spatial extent of the common signal in five Arctica islandica chronologies from the Fladen Ground, northern North Sea: NORTH SEA ARCTICA ISLANDICA CHRONOLOGIES. Paleoceanography, 24(2), n/a-n/a. https://doi.org/10.1029/2008PA001715 ",
FG_PB_C_LCres,FG_PB_C,FG_Butler_5,Butler_2009_FG_5chron.csv,C_LC_res,growth,,LC,res,North Sea,Fladen Ground,Arctica islandica,1870,1979,150,58.7866,58.7866,0.3416,0.3416,1870-1979,Butler et al. (2009),"Butler, P. G., Richardson, C. A., Scourse, J. D., Witbaard, R., Schöne, B. R., Fraser, N. M., Wanamaker, A. D., Bryant, C. L., Harris, I., & Robertson, I. (2009). Accurate increment identification and the spatial extent of the common signal in five Arctica islandica chronologies from the Fladen Ground, northern North Sea: NORTH SEA ARCTICA ISLANDICA CHRONOLOGIES. Paleoceanography, 24(2), n/a-n/a. https://doi.org/10.1029/2008PA001715 ",
FG_PB_C_LCars,FG_PB_C,FG_Butler_5,Butler_2009_FG_5chron.csv,C_LC_ars,growth,,LC,ars,North Sea,Fladen Ground,Arctica islandica,1870,1979,150,58.7866,58.7866,0.3416,0.3416,1870-1979,Butler et al. (2009),"Butler, P. G., Richardson, C. A., Scourse, J. D., Witbaard, R., Schöne, B. R., Fraser, N. M., Wanamaker, A. D., Bryant, C. L., Harris, I., & Robertson, I. (2009). Accurate increment identification and the spatial extent of the common signal in five Arctica islandica chronologies from the Fladen Ground, northern North Sea: NORTH SEA ARCTICA ISLANDICA CHRONOLOGIES. Paleoceanography, 24(2), n/a-n/a. https://doi.org/10.1029/2008PA001715 ",
FG_PB_F1_LCstd,FG_PB_F1,FG_Butler_5,Butler_2009_FG_5chron.csv,F1_LC_std,growth,,LC,std,North Sea,Fladen Ground,Arctica islandica,1870,1979,130,59.385,59.385,0.516,0.516,1905-1979,Butler et al. (2009),"Butler, P. G., Richardson, C. A., Scourse, J. D., Witbaard, R., Schöne, B. R., Fraser, N. M., Wanamaker, A. D., Bryant, C. L., Harris, I., & Robertson, I. (2009). Accurate increment identification and the spatial extent of the common signal in five Arctica islandica chronologies from the Fladen Ground, northern North Sea: NORTH SEA ARCTICA ISLANDICA CHRONOLOGIES. Paleoceanography, 24(2), n/a-n/a. https://doi.org/10.1029/2008PA001715 ",
FG_PB_F1_LCres,FG_PB_F1,FG_Butler_5,Butler_2009_FG_5chron.csv,F1_LC_res,growth,,LC,res,North Sea,Fladen Ground,Arctica islandica,1870,1979,130,59.385,59.385,0.516,0.516,1905-1979,Butler et al. (2009),"Butler, P. G., Richardson, C. A., Scourse, J. D., Witbaard, R., Schöne, B. R., Fraser, N. M., Wanamaker, A. D., Bryant, C. L., Harris, I., & Robertson, I. (2009). Accurate increment identification and the spatial extent of the common signal in five Arctica islandica chronologies from the Fladen Ground, northern North Sea: NORTH SEA ARCTICA ISLANDICA CHRONOLOGIES. Paleoceanography, 24(2), n/a-n/a. https://doi.org/10.1029/2008PA001715 ",
FG_PB_F1_LCars,FG_PB_F1,FG_Butler_5,Butler_2009_FG_5chron.csv,F1_LC_ars,growth,,LC,ars,North Sea,Fladen Ground,Arctica islandica,1870,1979,130,59.385,59.385,0.516,0.516,1905-1979,Butler et al. (2009),"Butler, P. G., Richardson, C. A., Scourse, J. D., Witbaard, R., Schöne, B. R., Fraser, N. M., Wanamaker, A. D., Bryant, C. L., Harris, I., & Robertson, I. (2009). Accurate increment identification and the spatial extent of the common signal in five Arctica islandica chronologies from the Fladen Ground, northern North Sea: NORTH SEA ARCTICA ISLANDICA CHRONOLOGIES. Paleoceanography, 24(2), n/a-n/a. https://doi.org/10.1029/2008PA001715 ",
FG_PB_F5_LCstd,FG_PB_F5,FG_Butler_5,Butler_2009_FG_5chron.csv,F5_LC_std,growth,,LC,std,North Sea,Fladen Ground,Arctica islandica,1870,1979,130,59.385,59.385,0.516,0.516,1870-1979,Butler et al. (2009),"Butler, P. G., Richardson, C. A., Scourse, J. D., Witbaard, R., Schöne, B. R., Fraser, N. M., Wanamaker, A. D., Bryant, C. L., Harris, I., & Robertson, I. (2009). Accurate increment identification and the spatial extent of the common signal in five Arctica islandica chronologies from the Fladen Ground, northern North Sea: NORTH SEA ARCTICA ISLANDICA CHRONOLOGIES. Paleoceanography, 24(2), n/a-n/a. https://doi.org/10.1029/2008PA001715 ",
FG_PB_F5_LCres,FG_PB_F5,FG_Butler_5,Butler_2009_FG_5chron.csv,F5_LC_res,growth,,LC,res,North Sea,Fladen Ground,Arctica islandica,1870,1979,130,59.385,59.385,0.516,0.516,1870-1979,Butler et al. (2009),"Butler, P. G., Richardson, C. A., Scourse, J. D., Witbaard, R., Schöne, B. R., Fraser, N. M., Wanamaker, A. D., Bryant, C. L., Harris, I., & Robertson, I. (2009). Accurate increment identification and the spatial extent of the common signal in five Arctica islandica chronologies from the Fladen Ground, northern North Sea: NORTH SEA ARCTICA ISLANDICA CHRONOLOGIES. Paleoceanography, 24(2), n/a-n/a. https://doi.org/10.1029/2008PA001715 ",
FG_PB_F5_LCars,FG_PB_F5,FG_Butler_5,Butler_2009_FG_5chron.csv,F5_LC_ars,growth,,LC,ars,North Sea,Fladen Ground,Arctica islandica,1870,1979,130,59.385,59.385,0.516,0.516,1870-1979,Butler et al. (2009),"Butler, P. G., Richardson, C. A., Scourse, J. D., Witbaard, R., Schöne, B. R., Fraser, N. M., Wanamaker, A. D., Bryant, C. L., Harris, I., & Robertson, I. (2009). Accurate increment identification and the spatial extent of the common signal in five Arctica islandica chronologies from the Fladen Ground, northern North Sea: NORTH SEA ARCTICA ISLANDICA CHRONOLOGIES. Paleoceanography, 24(2), n/a-n/a. https://doi.org/10.1029/2008PA001715 ",
NEI_GL_SGIprew,NEI_GL,ICE_Lohmann,Lohmann_2013_Iceland.csv,NE_Ice_old_SGI,growth,,Unknown,prewhitening,Iceland,NE Iceland,Arctica islandica,1849,2003,30,66.266,66.266,-14.92,-14.92,1860-2003,Lohmann & Schöne (2013),"Lohmann, G., & Schöne, B. R. (2013). Climate signatures on decadal to interdecadal time scales as obtained from mollusk shells (Arctica islandica) from Iceland. Palaeogeography, Palaeoclimatology, Palaeoecology, 373, 152–162. https://doi.org/10.1016/j.palaeo.2012.08.006 ",
NEI_GL_SPprew,NEI_GL,ICE_Lohmann,Lohmann_2013_Iceland.csv,NE_Ice_spline,growth,,SP,prewhitening,Iceland,NE Iceland,Arctica islandica,1849,2003,30,66.266,66.266,-14.92,-14.92,1860-2003,Lohmann & Schöne (2013),"Lohmann, G., & Schöne, B. R. (2013). Climate signatures on decadal to interdecadal time scales as obtained from mollusk shells (Arctica islandica) from Iceland. Palaeogeography, Palaeoclimatology, Palaeoecology, 373, 152–162. https://doi.org/10.1016/j.palaeo.2012.08.006 ",
NEI_GL_PFprew,NEI_GL,ICE_Lohmann,Lohmann_2013_Iceland.csv,NE_Ice_power,growth,,Power function,prewhitening,Iceland,NE Iceland,Arctica islandica,1849,2003,30,66.266,66.266,-14.92,-14.92,1860-2003,Lohmann & Schöne (2013),"Lohmann, G., & Schöne, B. R. (2013). Climate signatures on decadal to interdecadal time scales as obtained from mollusk shells (Arctica islandica) from Iceland. Palaeogeography, Palaeoclimatology, Palaeoecology, 373, 152–162. https://doi.org/10.1016/j.palaeo.2012.08.006 ",
ICE_GL_SGIprew,ICE_GL,ICE_Lohmann,Lohmann_2013_Iceland.csv,All_Ice_old_SGI,growth,,unknown,prewhitening,Iceland,Iceland,Arctica islandica,1495,2003,30,66.266,66.266,-14.92,-14.92,1750-2003,Lohmann & Schöne (2013),"Lohmann, G., & Schöne, B. R. (2013). Climate signatures on decadal to interdecadal time scales as obtained from mollusk shells (Arctica islandica) from Iceland. Palaeogeography, Palaeoclimatology, Palaeoecology, 373, 152–162. https://doi.org/10.1016/j.palaeo.2012.08.006 ",
ICE_GL_SPprew,ICE_GL,ICE_Lohmann,Lohmann_2013_Iceland.csv,All_Ice_spline,growth,,SP,prewhitening,Iceland,Iceland,Arctica islandica,1495,2003,30,66.266,66.266,-14.92,-14.92,1750-2003,Lohmann & Schöne (2013),"Lohmann, G., & Schöne, B. R. (2013). Climate signatures on decadal to interdecadal time scales as obtained from mollusk shells (Arctica islandica) from Iceland. Palaeogeography, Palaeoclimatology, Palaeoecology, 373, 152–162. https://doi.org/10.1016/j.palaeo.2012.08.006 ",
ICE_GL_PFprew,ICE_GL,ICE_Lohmann,Lohmann_2013_Iceland.csv,All_Ice_power,growth,,Power function,prewhitening,Iceland,Iceland,Arctica islandica,1495,2003,30,66.266,66.266,-14.92,-14.92,1750-2003,Lohmann & Schöne (2013),"Lohmann, G., & Schöne, B. R. (2013). Climate signatures on decadal to interdecadal time scales as obtained from mollusk shells (Arctica islandica) from Iceland. Palaeogeography, Palaeoclimatology, Palaeoecology, 373, 152–162. https://doi.org/10.1016/j.palaeo.2012.08.006 ",
BL_IR,BL_IR,BL_Ridway,bivalves_sgi.csv,BL_IR,growth,,unknown,unknown,Irish Sea,Belfast Lough,Arctica islandica,1839,2012,20-30,54.687325,54.687325,-5.68111111,-5.68111111,1839-2012,Ridgway & Román-González in Reynolds et al. (2017),"Reynolds, D. J., Richardson, C. A., Scourse, J. D., Butler, P. G., Hollyman, P., Román-González, A., & Hall, I. R. (2017). Reconstructing North Atlantic marine climate variability using an absolutely-dated sclerochronological network. Palaeogeography, Palaeoclimatology, Palaeoecology, 465, 333–346. https://doi.org/10.1016/j.palaeo.2016.08.006
",BL_IR
EC_SH,EC_SH,EC_Holmes,bivalves_sgi.csv,EC_SH,growth,,unknown,unknown,English Channel,English Channel,Glycymeris glycymeris,1913,2012,69,49.51,49.51,-3.09,-3.09,-,Holmes (Unpublished),Unpublished,EC_SH
Norw_MM_NE,Norw_MM_NE,Norw_Mette,mette2016.txt,MShellCrn,growth,,NE,unknown,Norwegian Sea,Northern Norway,Arctica islandica,1880,2012,6,71.06223,71.06223,24.09825,24.09825,1905-2012,Mette et al. (2016),"Mette, M. J., Wanamaker, A. D., Carroll, M. L., Ambrose, W. G., & Retelle, M. J. (2016). Linking large-scale climate variability with Arctica islandica shell growth and geochemistry in northern Norway: Linking climate and shell records in Norway. Limnology and Oceanography, 61(2), 748–764. https://doi.org/10.1002/lno.10252
",
Norw_MM_d18O,Norw_MM_d18O,Norw_Mette,mette2016.txt,d18Oa.isla,isotope,,,,Norwegian Sea,Northern Norway,Arctica islandica,1900,2012,6,71.06223,71.06223,24.09825,24.09825,1900-2012,Mette et al. (2016),"Mette, M. J., Wanamaker, A. D., Carroll, M. L., Ambrose, W. G., & Retelle, M. J. (2016). Linking large-scale climate variability with Arctica islandica shell growth and geochemistry in northern Norway: Linking climate and shell records in Norway. Limnology and Oceanography, 61(2), 748–764. https://doi.org/10.1002/lno.10252
",
BS_MM_NE,BS_MM_NE,BS_Mette,mette2021.txt,MShellCrn,growth,,NE,std,Barents Sea,Northern Norway,Arctica islandica,1426,2012,10,71.061667,71.061667,24.098333,24.098333,1500-2012,Mette et al. (2021),"Mette, M. J., Wanamaker, A. D., Retelle, M. J., Carroll, M. L., Andersson, C., & Ambrose, W. G. (2021). Persistent Multidecadal Variability Since the 15th Century in the Southern Barents Sea Derived From Annually Resolved Shell‐Based Records. Journal of Geophysical Research: Oceans, 126(6). https://doi.org/10.1029/2020JC017074
",
BS_MM_d18O,BS_MM_d18O,BS_Mette,mette2021.txt,d18Oa.isla,isotope,,,,Barents Sea,Northern Norway,Arctica islandica,1539,2014,10,71.061667,71.061667,24.098333,24.098333,1539-2014,Mette et al. (2021),"Mette, M. J., Wanamaker, A. D., Retelle, M. J., Carroll, M. L., Andersson, C., & Ambrose, W. G. (2021). Persistent Multidecadal Variability Since the 15th Century in the Southern Barents Sea Derived From Annually Resolved Shell‐Based Records. Journal of Geophysical Research: Oceans, 126(6). https://doi.org/10.1029/2020JC017074
",
FG_JEM_PAD,FG_JEM_PAD,FG_Estrella,Estrella-Martinez_2018.csv,GI,growth,sample_depth,Power adaptive,std,North Sea,Fladen Ground,Arctica islandica,1545,2001,,58.994,58.994,0.291,0.291,1774-2001,Estrella‐Martínez et al. (2019),"Estrella‐Martínez, J., Schöne, B. R., Thurstan, R. H., Capuzzo, E., Scourse, J. D., & Butler, P. G. (2019). Reconstruction of Atlantic herring ( Clupea harengus ) recruitment in the North Sea for the past 455 years based on the δ 13 C from annual shell increments of the ocean quahog ( Arctica islandica ). Fish and Fisheries, 20(3), 537–551. https://doi.org/10.1111/faf.12362
",
FG_JEM_d13C,FG_JEM_d13C,FG_Estrella,Estrella-Martinez_2018.csv,wavg_d13C,isotope,,,,North Sea,Fladen Ground,Arctica islandica,1551,2007,,58.994,58.994,0.291,0.291,1551-2007,Estrella‐Martínez et al. (2019),"Estrella‐Martínez, J., Schöne, B. R., Thurstan, R. H., Capuzzo, E., Scourse, J. D., & Butler, P. G. (2019). Reconstruction of Atlantic herring ( Clupea harengus ) recruitment in the North Sea for the past 455 years based on the δ 13 C from annual shell increments of the ocean quahog ( Arctica islandica ). Fish and Fisheries, 20(3), 537–551. https://doi.org/10.1111/faf.12362
",
IGB_VE_SGI,IGB_VE_SGI,IGB_Epple,Epple_2006_IGB.csv,SGI,growth,sample_depth,NE,unknown,North Sea,Inner German Bight,Arctica islandica,1840,2002,15-20,53.8,53.8,7.75,7.75,-,Epplé et al. (2006),"Epplé, V. M., Brey, T., Witbaard, R., Kuhnert, H., & Pätzold, J. (2006). Sclerochronological records of Arctica islandica from the inner German Bight. The Holocene, 16(5), 763–769. https://doi.org/10.1191/0959683606hl970rr
",
HEL_JKN_PbCa,HEL_JKN_PbCa,HEL_Krause,Krause_2012_Helgoland.csv,Pb/Ca_[nmol/mol],isotope,,,,North Sea,Helgoland,Arctica islandica,1914,2003,40,54.150333,54.150333,7.784333,7.784333,1914-2003,Krause-Nehring et al. (2012),"Krause-Nehring, J., Brey, T., & Thorrold, S. R. (2012). Centennial records of lead contamination in northern Atlantic bivalves (Arctica islandica). Marine Pollution Bulletin, 64(2), 233–240. https://doi.org/10.1016/j.marpolbul.2011.11.028
",
ICE_JKN_PbCa,ICE_JKN_PbCa,ICE_Krause,Krause_2012_Iceland.csv,Pb/Ca_[nmol/mol],isotope,,,,Iceland,Iceland,Arctica islandica,1835,2000,14,66.028,66.028,14.849333,14.849333,1835-2000,Krause-Nehring et al. (2012),"Krause-Nehring, J., Brey, T., & Thorrold, S. R. (2012). Centennial records of lead contamination in northern Atlantic bivalves (Arctica islandica). Marine Pollution Bulletin, 64(2), 233–240. https://doi.org/10.1016/j.marpolbul.2011.11.028
",
NIS_DR_d18O,NIS_DR_d18O,NIS_Reynolds_d18O,reynolds2016.txt,d18Oa.island,isotope,,,,Iceland,North Icelandic Shelf,Arctica islandica,953,2000,81-83,66.5265,66.5265,-18.19567,-18.19567,,Reynolds et al. (2016),"Reynolds, D. J., Scourse, J. D., Halloran, P. R., Nederbragt, A. J., Wanamaker, A. D., Butler, P. G., Richardson, C. A., Heinemeier, J., Eiríksson, J., Knudsen, K. L., & Hall, I. R. (2016). Annually resolved North Atlantic marine climate over the last millennium. Nature Communications, 7(1). https://doi.org/10.1038/ncomms13502",
NIS_DR_d13C,NIS_DR_d13C,NIS_Reynolds_d13C,reynolds2017b-grim.txt,d13C-a.island,isotope,,,,Iceland,North Icelandic Shelf,Arctica islandica,953,2000,81-83,66.5265,66.5265,-18.19567,-18.19567,,Reynolds et al. (2017),"Reynolds, D. J., Hall, I. R., Scourse, J. D., Richardson, C. A., Wanamaker, A. D., & Butler, P. G. (2017). Biological and Climate Controls on North Atlantic Marine Carbon Dynamics Over the Last Millennium: Insights From an Absolutely Dated Shell-Based Record From the North Icelandic Shelf: δ13C dynamics of the North Atlantic. Global Biogeochemical Cycles, 31(12), 1718–1735. https://doi.org/10.1002/2017GB005708",
